ORF,Name,Allele,Strain ID,Num_cells,Num_cells_outliers,Penetrance,normal,Cluster_normal-0,Cluster_normal-1,Cluster_normal-2,Cluster_normal-3,Cluster_normal-4,Cluster_normal-5,Cluster_normal-6,Cluster_normal-7,Cluster_normal-8,Cluster_normal-9
YDL074C,BRE1,,dma651,180,68,0.3777777777777777,1.0,0.2647058823529412,0.2352941176470588,0.0,0.0735294117647058,0.0,0.1176470588235294,0.0441176470588235,0.0,0.2205882352941176,0.0441176470588235
YKR001C,VPS1,,dma2924,156,40,0.2564102564102564,1.0,0.1,0.05,0.025,0.1,0.0,0.15,0.175,0.0,0.3,0.1
YJR118C,ILM1,,dma2723,508,186,0.3661417322834646,1.0,0.1075268817204301,0.3010752688172043,0.0161290322580645,0.1505376344086021,0.0,0.1989247311827957,0.0268817204301075,0.0,0.1827956989247312,0.0161290322580645
YKL213C,DOA1,,dma2910,126,52,0.4126984126984127,1.0,0.0961538461538461,0.1153846153846153,0.0192307692307692,0.0769230769230769,0.0,0.2692307692307692,0.0384615384615384,0.0,0.3076923076923077,0.0769230769230769
YBR005W,RCR1,,dma192,932,224,0.2403433476394849,1.0,0.2857142857142857,0.0089285714285714,0.0892857142857142,0.0892857142857142,0.0,0.1116071428571428,0.1741071428571428,0.0,0.1205357142857142,0.1205357142857142
YLR347C,KAP95,kap95-l63a,tsa226-37C,714,171,0.2394957983193277,1.0,0.0701754385964912,0.0058479532163742,0.1052631578947368,0.0292397660818713,0.0,0.2046783625730994,0.1637426900584795,0.0,0.2222222222222222,0.1988304093567251
YGR179C,OKP1,okp1-5,tsa227-37C,497,188,0.3782696177062374,1.0,0.0372340425531914,0.0106382978723404,0.0957446808510638,0.0212765957446808,0.0,0.2234042553191489,0.1489361702127659,0.0,0.202127659574468,0.2606382978723404
YIL068C,SEC6,sec6-4,tsa38-37C,571,276,0.4833625218914185,1.0,0.0326086956521739,0.0108695652173913,0.0398550724637681,0.532608695652174,0.0072463768115942,0.0905797101449275,0.0579710144927536,0.0,0.2210144927536232,0.0072463768115942
YGL233W,SEC15,sec15-1,tsa40-37C,900,335,0.3722222222222222,1.0,0.0208955223880597,0.017910447761194,0.1164179104477611,0.0865671641791044,0.0,0.1373134328358209,0.1134328358208955,0.0,0.4238805970149253,0.0835820895522388
YFL039C,ACT1,act1-101,tsa136-37C,730,209,0.2863013698630137,1.0,0.062200956937799,0.0,0.1674641148325359,0.0143540669856459,0.0,0.1578947368421052,0.1626794258373205,0.0,0.3205741626794258,0.1148325358851674
YER157W,COG3,cog3-1,tsa41-37C,237,49,0.2067510548523206,1.0,0.0204081632653061,0.0408163265306122,0.0816326530612244,0.0612244897959183,0.0,0.1632653061224489,0.2653061224489796,0.0,0.2244897959183673,0.1428571428571428
YAL041W,CDC24,cdc24-h,tsa42-37C,2261,1158,0.5121627598407784,1.0,0.1476683937823834,0.0215889464594127,0.2400690846286701,0.006908462867012,0.0,0.0224525043177892,0.2245250431778929,0.0,0.2780656303972366,0.0587219343696027
YFL039C,ACT1,act1-4,tsa138-37C,1339,501,0.3741598207617625,1.0,0.1457085828343313,0.0239520958083832,0.1736526946107784,0.0379241516966067,0.0,0.059880239520958,0.2614770459081836,0.0,0.2295409181636726,0.0678642714570858
YER008C,SEC3,sec3-2,tsa43-37C,520,271,0.5211538461538462,1.0,0.014760147601476,0.059040590405904,0.092250922509225,0.1254612546125461,0.014760147601476,0.1365313653136531,0.051660516605166,0.0,0.4464944649446494,0.059040590405904
YOR336W,KRE5,kre5-ts2,tsa139-37C,214,80,0.3738317757009345,1.0,0.0125,0.025,0.1125,0.0125,0.0,0.2875,0.125,0.0,0.3125,0.1125
YDR170C,SEC7,sec7-1,tsa44-37C,905,450,0.4972375690607735,1.0,0.0266666666666666,0.0066666666666666,0.2044444444444444,0.0288888888888888,0.0,0.1022222222222222,0.1244444444444444,0.0,0.4311111111111111,0.0755555555555555
YFL039C,ACT1,act1-125,tsa140-37C,146,47,0.3219178082191781,1.0,0.0,0.0,0.1702127659574468,0.0425531914893617,0.0,0.1063829787234042,0.3617021276595745,0.0,0.2340425531914893,0.0851063829787234
YBL050W,SEC17,sec17-1,tsa45-37C,577,318,0.5511265164644714,1.0,0.0220125786163522,0.040880503144654,0.1069182389937107,0.1383647798742138,0.0,0.1477987421383647,0.0817610062893081,0.0,0.4245283018867924,0.0377358490566037
YIL048W,NEO1,neo1-2,tsa188-37C,533,174,0.3264540337711069,1.0,0.028735632183908,0.0114942528735632,0.0977011494252873,0.1206896551724138,0.0,0.2011494252873563,0.1034482758620689,0.0,0.2873563218390804,0.1494252873563218
YCR093W,CDC39,cdc39-1,tsa93-37C,1331,437,0.3283245679939894,1.0,0.0274599542334096,0.0045766590389016,0.2013729977116704,0.0251716247139588,0.0,0.102974828375286,0.1212814645308924,0.0,0.4553775743707093,0.0617848970251716
YIL109C,SEC24,sec24-2,tsa189-37C,1337,436,0.3261032161555722,1.0,0.0825688073394495,0.0091743119266055,0.0688073394495412,0.1743119266055046,0.0,0.1720183486238532,0.0779816513761468,0.0,0.341743119266055,0.073394495412844
YGL130W,CEG1,ceg1-3,tsa94-37C,539,265,0.4916512059369202,1.0,0.0188679245283018,0.0226415094339622,0.1773584905660377,0.0075471698113207,0.0,0.1471698113207547,0.1018867924528302,0.0,0.4075471698113208,0.1169811320754717
YDR052C,DBF4,dbf4-ts,tsa95-37C,1308,512,0.3914373088685015,1.0,0.025390625,0.01953125,0.068359375,0.025390625,0.0,0.359375,0.06640625,0.0,0.24609375,0.189453125
YNR026C,SEC12,sec12-1,tsa305-37C,361,191,0.5290858725761773,1.0,0.0104712041884816,0.0418848167539267,0.1256544502617801,0.0052356020942408,0.0,0.0837696335078534,0.5445026178010471,0.0,0.1413612565445026,0.0471204188481675
YJL034W,KAR2,kar2-159,tsa210-37C,827,358,0.4328899637243047,1.0,0.0363128491620111,0.0055865921787709,0.164804469273743,0.0614525139664804,0.0,0.1284916201117318,0.1536312849162011,0.0,0.3351955307262569,0.1145251396648044
YFL005W,SEC4,sec4-8,tsa307-37C,519,323,0.6223506743737958,1.0,0.0278637770897832,0.0402476780185758,0.0433436532507739,0.3591331269349845,0.0030959752321981,0.0897832817337461,0.0247678018575851,0.0030959752321981,0.3900928792569659,0.0185758513931888
YOR075W,UFE1,ufe1-1,tsa212-37C,526,152,0.2889733840304182,1.0,0.0263157894736842,0.0,0.1184210526315789,0.1381578947368421,0.0,0.1184210526315789,0.3026315789473684,0.0,0.2236842105263158,0.0723684210526315
YFL039C,ACT1,act1-119,tsa215-37C,58,32,0.5517241379310345,1.0,0.03125,0.03125,0.09375,0.0,0.0,0.0625,0.125,0.0,0.5,0.15625
YFL039C,ACT1,act1-132,tsa216-37C,535,111,0.2074766355140186,1.0,0.09009009009009,0.009009009009009,0.09009009009009,0.018018018018018,0.0,0.2792792792792792,0.1711711711711711,0.0,0.1621621621621621,0.1801801801801801
YPR055W,SEC8,sec8-9,tsa122-37C,322,168,0.5217391304347826,1.0,0.0238095238095238,0.0416666666666666,0.0714285714285714,0.2023809523809523,0.0,0.238095238095238,0.0416666666666666,0.0,0.3392857142857143,0.0416666666666666
YLR305C,STT4,stt4-4,tsa123-37C,244,138,0.5655737704918032,1.0,0.0144927536231884,0.0144927536231884,0.0942028985507246,0.0072463768115942,0.0,0.2028985507246377,0.0652173913043478,0.0,0.5072463768115942,0.0942028985507246
YLR310C,CDC25,cdc25-2-supp1,tsa29-37C,362,160,0.4419889502762431,1.0,0.01875,0.01875,0.1625,0.0125,0.0,0.18125,0.2,0.0,0.3,0.10625
YJR076C,CDC11,cdc11-4,tsa126-37C,232,71,0.3060344827586206,1.0,0.028169014084507,0.028169014084507,0.0985915492957746,0.0422535211267605,0.0,0.2816901408450704,0.2253521126760563,0.0,0.1830985915492957,0.1126760563380281
YIR006C,PAN1,pan1-4,tsa353-37C,200,62,0.31,1.0,0.032258064516129,0.0161290322580645,0.064516129032258,0.0161290322580645,0.0,0.2741935483870967,0.2096774193548387,0.0,0.2258064516129032,0.1612903225806451
YJL005W,CYR1,cdc35-1,tsa354-37C,723,289,0.3997233748271093,1.0,0.0207612456747404,0.0311418685121107,0.0692041522491349,0.0622837370242214,0.0,0.2041522491349481,0.0484429065743944,0.0,0.4705882352941176,0.0934256055363321
YJL074C,SMC3,smc3-1,tsa259-37C,606,133,0.2194719471947194,1.0,0.0902255639097744,0.0075187969924812,0.1428571428571428,0.0601503759398496,0.0,0.1804511278195488,0.1203007518796992,0.0,0.2556390977443609,0.1428571428571428
YGL130W,CEG1,ceg1-ts,tsa355-37C,396,188,0.4747474747474747,1.0,0.0106382978723404,0.0319148936170212,0.1702127659574468,0.0,0.0,0.1702127659574468,0.1117021276595744,0.0,0.4148936170212766,0.0904255319148936
YOR259C,RPT4,rpt4-150,tsa260-37C,748,172,0.2299465240641711,1.0,0.0523255813953488,0.0232558139534883,0.1511627906976744,0.0348837209302325,0.0,0.2267441860465116,0.0697674418604651,0.0,0.2965116279069767,0.1453488372093023
YGL097W,SRM1,srm1-g282s,tsa261-37C,317,106,0.334384858044164,1.0,0.0094339622641509,0.0660377358490566,0.1509433962264151,0.0094339622641509,0.0,0.1792452830188679,0.1886792452830188,0.0,0.2641509433962264,0.1320754716981132
YMR235C,RNA1,rna1-s116f,tsa172-37C,847,283,0.3341204250295159,1.0,0.0247349823321554,0.0,0.1484098939929328,0.0,0.0,0.1802120141342756,0.1590106007067137,0.0,0.3604240282685512,0.127208480565371
YPR025C,CCL1,ccl1-ts4,tsa77-37C,1082,526,0.4861367837338262,1.0,0.0247148288973384,0.0095057034220532,0.1787072243346007,0.0304182509505703,0.0,0.1844106463878327,0.1692015209125475,0.0,0.3231939163498099,0.0798479087452471
YKL089W,MIF2,mif2-3,tsa113-37C,239,65,0.2719665271966527,1.0,0.0307692307692307,0.0,0.0615384615384615,0.0307692307692307,0.0,0.2,0.3384615384615385,0.0,0.1692307692307692,0.1692307692307692
YKL045W,PRI2,pri2-1,tsa19-37C,531,258,0.4858757062146893,1.0,0.003875968992248,0.0465116279069767,0.0426356589147286,0.0581395348837209,0.0,0.5232558139534884,0.0503875968992248,0.0,0.1317829457364341,0.1434108527131783
YNL267W,PIK1,pik1-139,tsa116-37C,337,76,0.2255192878338278,1.0,0.0789473684210526,0.0,0.1973684210526315,0.0,0.0,0.131578947368421,0.2105263157894736,0.0,0.2368421052631578,0.1447368421052631
YER069W,"ARG5,6","arg5,6",tsa21-37C,393,78,0.1984732824427481,1.0,0.1282051282051282,0.0,0.0769230769230769,0.0256410256410256,0.0,0.1666666666666666,0.2564102564102564,0.0,0.1923076923076923,0.1538461538461538
YBR237W,PRP5,prp5-1,tsa117-37C,679,265,0.390279823269514,1.0,0.0339622641509433,0.0188679245283018,0.1056603773584905,0.0641509433962264,0.0,0.2226415094339622,0.0867924528301886,0.0,0.4113207547169811,0.0566037735849056
YMR235C,RNA1,rna1-1,tsa118-37C,372,201,0.5403225806451613,1.0,0.0149253731343283,0.0,0.0895522388059701,0.0248756218905472,0.0,0.1940298507462686,0.0497512437810945,0.0,0.4825870646766169,0.1442786069651741
YPL085W,SEC16,sec16-2,tsa119-37C,605,381,0.6297520661157024,1.0,0.0,0.0078740157480314,0.1942257217847769,0.0026246719160104,0.0,0.0551181102362204,0.4488188976377952,0.0,0.1522309711286089,0.1391076115485564
YBR102C,EXO84,exo84-102,tsa24-37C,291,111,0.3814432989690721,1.0,0.018018018018018,0.027027027027027,0.1261261261261261,0.036036036036036,0.0,0.2252252252252252,0.0990990990990991,0.0,0.4144144144144144,0.054054054054054
YDR356W,SPC110,spc110-220,tsa301-37C,520,139,0.2673076923076923,1.0,0.0359712230215827,0.0359712230215827,0.1223021582733813,0.0359712230215827,0.0,0.1798561151079136,0.1798561151079136,0.0,0.1510791366906475,0.2589928057553957
YDL126C,CDC48,cdc48-3,tsa208-37C,290,60,0.2068965517241379,1.0,0.0666666666666666,0.0166666666666666,0.0666666666666666,0.0166666666666666,0.0,0.3833333333333333,0.0833333333333333,0.0,0.2666666666666666,0.1
YAL041W,CDC24,cdc24-5,tsa304-37C,889,212,0.2384701912260967,1.0,0.0141509433962264,0.0,0.2783018867924528,0.0141509433962264,0.0,0.0330188679245283,0.2169811320754717,0.0,0.3349056603773584,0.1084905660377358
YLR166C,SEC10,sec10-2,tsa63-37C,484,227,0.4690082644628099,1.0,0.013215859030837,0.0484581497797356,0.0748898678414096,0.224669603524229,0.0088105726872246,0.1013215859030837,0.066079295154185,0.0,0.4493392070484581,0.013215859030837
YER136W,GDI1,gdi1-1,tsa64-37C,492,295,0.5995934959349594,1.0,0.0169491525423728,0.0101694915254237,0.0,0.7152542372881356,0.0271186440677966,0.0813559322033898,0.0203389830508474,0.0,0.1288135593220339,0.0
YDR052C,DBF4,dbf4-1,tsa161-37C,374,96,0.2566844919786096,1.0,0.0208333333333333,0.0104166666666666,0.0520833333333333,0.0625,0.0,0.3020833333333333,0.1979166666666666,0.0,0.15625,0.1979166666666666
YDR180W,SCC2,scc2-4,tsa66-37C,636,133,0.2091194968553459,1.0,0.0676691729323308,0.0075187969924812,0.0977443609022556,0.0225563909774436,0.0,0.2932330827067669,0.18796992481203,0.0,0.1729323308270676,0.150375939849624
YDR052C,DBF4,dbf4-2,tsa162-37C,435,168,0.3862068965517241,1.0,0.0059523809523809,0.0119047619047619,0.0595238095238095,0.0238095238095238,0.0,0.244047619047619,0.1785714285714285,0.0,0.25,0.2261904761904762
YIL026C,IRR1,irr1-1,tsa67-37C,494,129,0.2611336032388664,1.0,0.0387596899224806,0.0077519379844961,0.1395348837209302,0.0387596899224806,0.0,0.1937984496124031,0.2558139534883721,0.0,0.1627906976744186,0.1627906976744186
YDR052C,DBF4,dbf4-3,tsa163-37C,795,168,0.2113207547169811,1.0,0.0535714285714285,0.0059523809523809,0.0773809523809523,0.0357142857142857,0.0,0.2738095238095238,0.2142857142857142,0.0,0.1011904761904761,0.238095238095238
YDR052C,DBF4,dbf4-4,tsa164-37C,767,198,0.258148631029987,1.0,0.0202020202020202,0.005050505050505,0.0404040404040404,0.0404040404040404,0.0,0.3333333333333333,0.1363636363636363,0.0,0.1212121212121212,0.303030303030303
YJL074C,SMC3,smc3-42,tsa71-37C,720,204,0.2833333333333333,1.0,0.0490196078431372,0.0245098039215686,0.1029411764705882,0.0441176470588235,0.0,0.1911764705882352,0.1911764705882352,0.0,0.2205882352941176,0.1764705882352941
YFL039C,ACT1,act1-136,tsa142-37C,797,325,0.4077791718946048,1.0,0.0338461538461538,0.0123076923076923,0.1476923076923077,0.04,0.003076923076923,0.12,0.083076923076923,0.0,0.4646153846153846,0.0953846153846153
YFL045C,SEC53,sec53-6,tsa48-37C,915,291,0.3180327868852459,1.0,0.0240549828178694,0.0034364261168384,0.1443298969072164,0.0893470790378006,0.0,0.0652920962199312,0.3676975945017182,0.0,0.2061855670103092,0.0996563573883161
YOR181W,LAS17,las17-14,tsa230-37C,415,122,0.2939759036144578,1.0,0.040983606557377,0.0,0.2295081967213114,0.0,0.0,0.1557377049180328,0.1721311475409836,0.0,0.2459016393442623,0.1557377049180328
YOR122C,PFY1,pfy1-4,tsa232-37C,269,59,0.2193308550185873,1.0,0.0847457627118644,0.0169491525423728,0.2033898305084746,0.0169491525423728,0.0,0.135593220338983,0.1864406779661017,0.0,0.2542372881355932,0.1016949152542373
YOR122C,PFY1,pfy1-13,tsa233-37C,437,125,0.2860411899313501,1.0,0.064,0.008,0.152,0.056,0.0,0.096,0.216,0.0,0.28,0.128
YLL050C,COF1,cof1-5,tsa234-37C,1846,705,0.3819068255687974,1.0,0.2312056737588652,0.0226950354609929,0.225531914893617,0.0198581560283687,0.0,0.0453900709219858,0.175886524822695,0.0,0.2099290780141844,0.0695035460992907
YPR183W,DPM1,dpm1-6,tsa330-37C,1389,789,0.5680345572354212,1.0,0.0468948035487959,0.0342205323193916,0.1749049429657794,0.0367553865652724,0.0,0.0684410646387832,0.1267427122940431,0.0,0.4575411913814955,0.0544993662864385
YAL034W-A,MTW1,mtw1-ts,tsa235-37C,490,146,0.2979591836734694,1.0,0.0547945205479452,0.0205479452054794,0.1164383561643835,0.0273972602739726,0.0,0.1575342465753424,0.1712328767123287,0.0,0.2328767123287671,0.2191780821917808
YBR135W,CKS1,cks1-38,tsa332-37C,244,132,0.5409836065573771,1.0,0.0151515151515151,0.0227272727272727,0.1212121212121212,0.0075757575757575,0.0,0.2272727272727272,0.1590909090909091,0.0,0.1818181818181818,0.2651515151515151
YER013W,PRP22,prp22-1,tsa237-37C,583,226,0.3876500857632933,1.0,0.0309734513274336,0.0088495575221238,0.0309734513274336,0.1371681415929203,0.0,0.3982300884955752,0.0707964601769911,0.0,0.2654867256637168,0.0575221238938053
YMR117C,SPC24,spc24-9,tsa293-37C,340,99,0.2911764705882353,1.0,0.0303030303030303,0.0202020202020202,0.0606060606060606,0.0202020202020202,0.0,0.1212121212121212,0.1919191919191919,0.0,0.3333333333333333,0.2222222222222222
YBR060C,ORC2,orc2-1,tsa295-37C,480,104,0.2166666666666666,1.0,0.0576923076923076,0.0288461538461538,0.1442307692307692,0.0096153846153846,0.0,0.2019230769230769,0.173076923076923,0.0,0.2692307692307692,0.1153846153846153
YLR459W,GAB1,gab1-1,tsa200-37C,104,43,0.4134615384615384,1.0,0.0,0.0697674418604651,0.0697674418604651,0.0,0.0,0.1627906976744186,0.3255813953488372,0.0,0.2325581395348837,0.1395348837209302
YLR459W,GAB1,gab1-2,tsa201-37C,67,46,0.6865671641791045,1.0,0.0,0.0652173913043478,0.0434782608695652,0.0217391304347826,0.0,0.3260869565217391,0.0434782608695652,0.0,0.3478260869565217,0.1521739130434782
YLR459W,GAB1,gab1-3,tsa202-37C,149,64,0.4295302013422818,1.0,0.0,0.015625,0.0625,0.0625,0.0,0.140625,0.25,0.0,0.28125,0.1875
YML130C,ERO1,ero1-1,tsa203-37C,1007,674,0.6693147964250248,1.0,0.0118694362017804,0.0445103857566765,0.1127596439169139,0.1008902077151335,0.0,0.1513353115727003,0.0697329376854599,0.0,0.4465875370919881,0.0623145400593471
YCR002C,CDC10,cdc10-1,tsa78-37C,701,178,0.2539229671897289,1.0,0.0561797752808988,0.0,0.095505617977528,0.0617977528089887,0.0,0.3033707865168539,0.1292134831460674,0.0,0.196629213483146,0.1573033707865168
YBR160W,CDC28,cdc28-1,tsa174-37C,148,104,0.7027027027027027,1.0,0.0288461538461538,0.0288461538461538,0.1538461538461538,0.0096153846153846,0.0,0.2596153846153846,0.1153846153846153,0.0,0.1826923076923076,0.2211538461538461
YCR002C,CDC10,cdc10-2,tsa79-37C,942,203,0.2154989384288747,1.0,0.0886699507389162,0.0,0.0788177339901477,0.0591133004926108,0.0,0.3497536945812808,0.0985221674876847,0.0,0.167487684729064,0.1576354679802955
YBR160W,CDC28,cdc28-13,tsa175-37C,364,189,0.5192307692307693,1.0,0.037037037037037,0.0264550264550264,0.3333333333333333,0.0052910052910052,0.0,0.1269841269841269,0.1851851851851851,0.0,0.1534391534391534,0.1322751322751322
YCR002C,CDC10,cdc10-4,tsa81-37C,996,242,0.2429718875502008,1.0,0.1074380165289256,0.0041322314049586,0.0495867768595041,0.0950413223140495,0.0,0.3884297520661157,0.0702479338842975,0.0041322314049586,0.1322314049586777,0.1487603305785124
YJR076C,CDC11,cdc11-2,tsa82-37C,311,102,0.3279742765273312,1.0,0.0294117647058823,0.0,0.1666666666666666,0.0490196078431372,0.0,0.0980392156862745,0.284313725490196,0.0,0.2156862745098039,0.1568627450980392
YJR076C,CDC11,cdc11-3,tsa83-37C,846,218,0.2576832151300236,1.0,0.1146788990825688,0.0045871559633027,0.0504587155963302,0.073394495412844,0.0,0.3394495412844037,0.1009174311926605,0.0,0.1972477064220183,0.1192660550458715
YJR076C,CDC11,cdc11-5,tsa84-37C,442,123,0.2782805429864253,1.0,0.1138211382113821,0.016260162601626,0.073170731707317,0.065040650406504,0.0,0.3658536585365853,0.089430894308943,0.0,0.1382113821138211,0.1382113821138211
YPR055W,SEC8,sec8-6,tsa364-37C,413,194,0.4697336561743341,1.0,0.0103092783505154,0.0670103092783505,0.0824742268041237,0.1443298969072164,0.0051546391752577,0.1701030927835051,0.0824742268041237,0.0,0.3505154639175257,0.0876288659793814
YPL228W,CET1,cet1-1,tsa270-37C,507,123,0.2426035502958579,1.0,0.048780487804878,0.0,0.1463414634146341,0.016260162601626,0.0,0.2439024390243902,0.1788617886178861,0.0,0.2520325203252032,0.1138211382113821
YBR055C,PRP6,prp6-ts,tsa367-37C,567,138,0.2433862433862433,1.0,0.1159420289855072,0.0,0.0072463768115942,0.1594202898550724,0.0,0.2463768115942029,0.1231884057971014,0.0,0.2463768115942029,0.1014492753623188
YDL043C,PRP11,prp11-ts,tsa369-37C,752,314,0.4175531914893617,1.0,0.0254777070063694,0.0095541401273885,0.0923566878980891,0.0477707006369426,0.0,0.1910828025477707,0.1050955414012738,0.0,0.4363057324840764,0.0923566878980891
YER133W,GLC7,glc7-12,tsa185-37C,257,108,0.4202334630350194,1.0,0.0,0.037037037037037,0.1388888888888889,0.074074074074074,0.0,0.2129629629629629,0.1018518518518518,0.0,0.324074074074074,0.1111111111111111
YGL048C,RPT6,rpt6-25,tsa186-37C,350,79,0.2257142857142857,1.0,0.050632911392405,0.0,0.0759493670886076,0.050632911392405,0.0,0.2531645569620253,0.2531645569620253,0.0,0.189873417721519,0.1265822784810126
YBR196C,PGI1,pgi1-2,tsa91-37C,1254,271,0.2161084529505582,1.0,0.088560885608856,0.0,0.2103321033210332,0.03690036900369,0.0,0.1586715867158671,0.1955719557195571,0.0,0.2103321033210332,0.0996309963099631
YGR120C,COG2,cog2-1,tsa187-37C,387,215,0.5555555555555556,1.0,0.013953488372093,0.013953488372093,0.0744186046511627,0.2186046511627907,0.0,0.1488372093023255,0.0837209302325581,0.0,0.413953488372093,0.0325581395348837
YDR054C,CDC34,cdc34-1,tsa92-37C,1369,297,0.2169466764061358,1.0,0.0808080808080808,0.0101010101010101,0.0303030303030303,0.2525252525252525,0.0,0.3501683501683502,0.0572390572390572,0.0,0.1851851851851851,0.0336700336700336
YOR326W,MYO2,myo2-16,tsa337-37C,785,159,0.2025477707006369,1.0,0.0628930817610062,0.0125786163522012,0.1572327044025157,0.0,0.0,0.0817610062893081,0.2578616352201258,0.0,0.2767295597484276,0.1509433962264151
YNR011C,PRP2,prp2-1,tsa338-37C,811,201,0.2478421701602959,1.0,0.0547263681592039,0.0,0.0895522388059701,0.1194029850746268,0.0,0.1940298507462686,0.1194029850746268,0.0,0.3184079601990049,0.1044776119402985
YIR008C,PRI1,pri1-m4,tsa340-37C,455,116,0.2549450549450549,1.0,0.043103448275862,0.0086206896551724,0.0689655172413793,0.0344827586206896,0.0,0.4137931034482758,0.1034482758620689,0.0,0.146551724137931,0.1810344827586207
YJR068W,RFC2,rfc2-1,tsa342-37C,466,134,0.2875536480686695,1.0,0.044776119402985,0.0298507462686567,0.1044776119402985,0.0298507462686567,0.0,0.2164179104477611,0.1044776119402985,0.0,0.2238805970149253,0.2462686567164179
YLL036C,PRP19,prp19-1,tsa247-37C,347,92,0.2651296829971181,1.0,0.0543478260869565,0.0,0.1195652173913043,0.0869565217391304,0.0,0.2934782608695652,0.0978260869565217,0.0,0.217391304347826,0.1304347826086956
YNL102W,POL1,pol1-ts,tsa343-37C,734,195,0.2656675749318801,1.0,0.0512820512820512,0.0153846153846153,0.0871794871794871,0.0717948717948717,0.0,0.2923076923076923,0.1897435897435897,0.0,0.1384615384615384,0.1538461538461538
YLL050C,COF1,cof1-8,tsa248-37C,456,204,0.4473684210526316,1.0,0.0147058823529411,0.0196078431372549,0.1029411764705882,0.0245098039215686,0.0049019607843137,0.1225490196078431,0.1519607843137254,0.0,0.4656862745098039,0.0931372549019607
YNL102W,POL1,pol1-2,tsa344-37C,356,105,0.2949438202247191,1.0,0.0666666666666666,0.0095238095238095,0.0476190476190476,0.0761904761904762,0.0,0.2666666666666666,0.1238095238095238,0.0,0.1047619047619047,0.3047619047619048
YDR189W,SLY1,sly1-ts,tsa251-37C,321,188,0.5856697819314641,1.0,0.0053191489361702,0.0106382978723404,0.1702127659574468,0.0159574468085106,0.0,0.1223404255319148,0.202127659574468,0.0,0.3670212765957447,0.1063829787234042
YBR109C,CMD1,cmd1-8,tsa157-37C,485,149,0.3072164948453608,1.0,0.0268456375838926,0.0134228187919463,0.1342281879194631,0.0067114093959731,0.0,0.2416107382550335,0.1879194630872483,0.0,0.2147651006711409,0.174496644295302
YDR182W,CDC1,cdc1-1,tsa31-37C,425,336,0.7905882352941176,1.0,0.0059523809523809,0.3511904761904761,0.0178571428571428,0.0238095238095238,0.0,0.1220238095238095,0.0029761904761904,0.0,0.4702380952380952,0.0059523809523809
YAL038W,CDC19,cdc19-1,tsa34-37C,791,304,0.3843236409608091,1.0,0.0361842105263157,0.0,0.2269736842105263,0.0032894736842105,0.0,0.0855263157894736,0.1381578947368421,0.0,0.4276315789473684,0.0822368421052631
YLR314C,CDC3,cdc3-3,tsa130-37C,932,206,0.2210300429184549,1.0,0.1213592233009708,0.0,0.0436893203883495,0.1116504854368932,0.0,0.3834951456310679,0.0825242718446602,0.0,0.1019417475728155,0.1553398058252427
YDL017W,CDC7,cdc7-4,tsa131-37C,729,207,0.2839506172839506,1.0,0.0483091787439613,0.0048309178743961,0.0821256038647343,0.0241545893719806,0.0,0.2801932367149758,0.1497584541062802,0.0,0.178743961352657,0.2318840579710145
YDR164C,SEC1,sec1-1,tsa36-37C,1078,717,0.6651205936920223,1.0,0.0111576011157601,0.0474198047419804,0.0948396094839609,0.1297071129707113,0.00139470013947,0.0934449093444909,0.0390516039051603,0.0,0.5676429567642957,0.0153417015341701
YLR268W,SEC22,sec22-1,tsa313-37C,213,101,0.4741784037558685,1.0,0.0099009900990099,0.1089108910891089,0.2079207920792079,0.0198019801980198,0.0,0.0594059405940594,0.297029702970297,0.0,0.2277227722772277,0.0693069306930693
YFL039C,ACT1,act1-122,tsa219-37C,457,113,0.2472647702407002,1.0,0.0265486725663716,0.0,0.1769911504424778,0.0088495575221238,0.0,0.1415929203539823,0.1946902654867256,0.0,0.247787610619469,0.2035398230088495
YDR168W,CDC37,cdc37-1,tsa317-37C,918,238,0.2592592592592592,1.0,0.0630252100840336,0.0168067226890756,0.0210084033613445,0.1134453781512605,0.0,0.4201680672268907,0.0546218487394958,0.0,0.2100840336134453,0.1008403361344537
YIR022W,SEC11,sec11-2,tsa318-37C,334,177,0.5299401197604791,1.0,0.0056497175141242,0.1016949152542373,0.0338983050847457,0.1412429378531073,0.0,0.2937853107344633,0.0282485875706214,0.0,0.3559322033898305,0.03954802259887
YPL094C,SEC62,sec62-ts,tsa224-37C,231,61,0.264069264069264,1.0,0.0163934426229508,0.0,0.1639344262295081,0.0,0.0,0.2295081967213114,0.1967213114754098,0.0,0.2131147540983606,0.180327868852459
YDR166C,SEC5,sec5-24,tsa51-37C,603,319,0.5290215588723052,1.0,0.0250783699059561,0.0219435736677116,0.0783699059561128,0.1755485893416928,0.0031347962382445,0.1065830721003134,0.0815047021943573,0.0,0.4796238244514106,0.0282131661442006
YLR208W,SEC13,sec13-1,tsa52-37C,228,99,0.4342105263157895,1.0,0.0,0.0404040404040404,0.1717171717171717,0.0202020202020202,0.0,0.0606060606060606,0.3939393939393939,0.0,0.2525252525252525,0.0606060606060606
YAL041W,CDC24,cdc24-11,tsa148-37C,840,251,0.2988095238095238,1.0,0.0597609561752988,0.0,0.2151394422310757,0.0159362549800796,0.0,0.0796812749003984,0.1553784860557769,0.0,0.3625498007968127,0.1115537848605577
YMR079W,SEC14,sec14-3,tsa53-37C,1030,527,0.5116504854368932,1.0,0.0151802656546489,0.0436432637571157,0.0910815939278937,0.064516129032258,0.0,0.1612903225806451,0.0948766603415559,0.0,0.4535104364326375,0.0759013282732447
YAL041W,CDC24,cdc24-4,tsa149-37C,958,273,0.2849686847599165,1.0,0.0366300366300366,0.0,0.2307692307692307,0.0036630036630036,0.0,0.0769230769230769,0.1721611721611721,0.0,0.3919413919413919,0.0879120879120879
YBR080C,SEC18,sec18-1,tsa54-37C,620,352,0.567741935483871,1.0,0.0142045454545454,0.0056818181818181,0.1022727272727272,0.0539772727272727,0.0,0.1335227272727272,0.15625,0.0,0.4261363636363636,0.1079545454545454
YBR160W,CDC28,cdc28-4,tsa150-37C,244,109,0.4467213114754098,1.0,0.0275229357798165,0.055045871559633,0.1192660550458715,0.0,0.0,0.3119266055045872,0.091743119266055,0.0,0.2201834862385321,0.1743119266055046
YDR498C,SEC20,sec20-1,tsa55-37C,362,208,0.574585635359116,1.0,0.0192307692307692,0.0673076923076923,0.0096153846153846,0.4230769230769231,0.0048076923076923,0.125,0.0288461538461538,0.0,0.2884615384615384,0.0336538461538461
YGR009C,SEC9,sec9-4,tsa57-37C,521,332,0.6372360844529751,1.0,0.0240963855421686,0.0542168674698795,0.0843373493975903,0.1415662650602409,0.0,0.1656626506024096,0.0662650602409638,0.0,0.4427710843373494,0.0210843373493975
YDR473C,PRP3,prp3-1,tsa58-37C,907,275,0.3031973539140022,1.0,0.1236363636363636,0.0036363636363636,0.029090909090909,0.1927272727272727,0.0,0.2654545454545454,0.069090909090909,0.0,0.2581818181818182,0.0581818181818181
YBR109C,CMD1,cmd1-1,tsa154-37C,531,141,0.2655367231638418,1.0,0.0921985815602836,0.0,0.1276595744680851,0.0496453900709219,0.0,0.2340425531914893,0.0780141843971631,0.0,0.2836879432624113,0.1347517730496454
YNR026C,SEC12,sec12-4,tsa60-37C,805,441,0.5478260869565217,1.0,0.0022675736961451,0.0090702947845804,0.2290249433106576,0.0136054421768707,0.0,0.0544217687074829,0.4013605442176871,0.0,0.2040816326530612,0.0861678004535147
YMR013C,SEC59,sec59-ts,tsa422-37C,988,329,0.332995951417004,1.0,0.0729483282674772,0.0,0.0820668693009118,0.2036474164133738,0.0,0.121580547112462,0.1914893617021276,0.0,0.2583586626139817,0.0699088145896656
YDR145W,TAF12,taf12-ts23,tsa518-37C,315,112,0.3555555555555555,1.0,0.0446428571428571,0.0,0.2678571428571428,0.0089285714285714,0.0,0.0803571428571428,0.2410714285714285,0.0,0.1875,0.1696428571428571
YER022W,SRB4,srb4-2,tsa519-37C,485,278,0.5731958762886598,1.0,0.0107913669064748,0.0071942446043165,0.2733812949640288,0.0035971223021582,0.0,0.0827338129496402,0.2913669064748201,0.0,0.1690647482014388,0.1618705035971223
YKR083C,DAD2,dad2-9,tsa425-37C,672,217,0.3229166666666667,1.0,0.0092165898617511,0.0046082949308755,0.1105990783410138,0.0092165898617511,0.0046082949308755,0.0783410138248847,0.3179723502304147,0.0,0.1474654377880184,0.3179723502304147
YMR277W,FCP1,fcp1-1-supp3,tsa426-37C,876,529,0.6038812785388128,1.0,0.0264650283553875,0.0037807183364839,0.2911153119092627,0.0094517958412098,0.0,0.0756143667296786,0.2155009451795841,0.0,0.2665406427221172,0.1115311909262759
YOR057W,SGT1,sgt1-5,tsa427-37C,377,242,0.6419098143236074,1.0,0.012396694214876,0.0165289256198347,0.2231404958677686,0.0041322314049586,0.0,0.1115702479338843,0.1363636363636363,0.0,0.396694214876033,0.0991735537190082
YGR274C,TAF1,taf1-1,tsa524-37C,582,223,0.3831615120274914,1.0,0.0179372197309417,0.0,0.336322869955157,0.0044843049327354,0.0,0.0807174887892376,0.2062780269058296,0.0,0.2017937219730941,0.1524663677130044
YGR274C,TAF1,taf1-2,tsa525-37C,708,220,0.3107344632768362,1.0,0.0681818181818181,0.0,0.2,0.0,0.0,0.0727272727272727,0.3045454545454545,0.0,0.1636363636363636,0.1909090909090909
YGR156W,PTI1,pti1-ts7-supp1,tsa477-37C,1024,248,0.2421875,1.0,0.0685483870967741,0.0120967741935483,0.0685483870967741,0.1854838709677419,0.0,0.1653225806451612,0.0967741935483871,0.0,0.1935483870967742,0.2096774193548387
YKL193C,SDS22,sds22-6,tsa573-37C,833,199,0.2388955582232893,1.0,0.2462311557788944,0.0050251256281407,0.1055276381909547,0.0753768844221105,0.0,0.100502512562814,0.1407035175879397,0.0,0.185929648241206,0.1407035175879397
YDR243C,PRP28,prp28-101,tsa574-37C,999,363,0.3633633633633634,1.0,0.1212121212121212,0.0,0.0661157024793388,0.1046831955922865,0.0,0.1515151515151515,0.2947658402203856,0.0,0.162534435261708,0.0991735537190082
YDR062W,LCB2,lcb2-2,tsa575-37C,1241,481,0.3875906526994359,1.0,0.1122661122661122,0.002079002079002,0.1808731808731808,0.0249480249480249,0.0,0.1413721413721413,0.1683991683991684,0.0,0.2182952182952183,0.1517671517671517
YGR075C,PRP38,prp38-1,tsa480-37C,920,386,0.4195652173913043,1.0,0.1269430051813471,0.005181347150259,0.0569948186528497,0.1373056994818652,0.0,0.1580310880829015,0.1839378238341968,0.0,0.2409326424870466,0.0906735751295336
YLR195C,NMT1,nmt1-181,tsa690-37C,119,75,0.6302521008403361,1.0,0.0266666666666666,0.0666666666666666,0.2,0.0266666666666666,0.0,0.08,0.16,0.0,0.3466666666666667,0.0933333333333333
YPL255W,BBP1,bbp1-1,tsa691-37C,422,86,0.2037914691943128,1.0,0.0697674418604651,0.0,0.127906976744186,0.0,0.0,0.127906976744186,0.2558139534883721,0.0,0.1627906976744186,0.2558139534883721
YDL030W,PRP9,prp9-1,tsa597-37C,367,173,0.4713896457765668,1.0,0.1040462427745664,0.0,0.1329479768786127,0.0635838150289017,0.0,0.2080924855491329,0.1329479768786127,0.0,0.2601156069364161,0.0982658959537572
YKR086W,PRP16,prp16-2,tsa598-37C,753,255,0.3386454183266932,1.0,0.1176470588235294,0.0078431372549019,0.0588235294117647,0.1176470588235294,0.0,0.2784313725490196,0.0862745098039215,0.0,0.2431372549019607,0.0901960784313725
YLR103C,CDC45,cdc45-27,tsa694-37C,709,184,0.2595204513399153,1.0,0.1521739130434782,0.0054347826086956,0.0489130434782608,0.0163043478260869,0.0,0.1521739130434782,0.233695652173913,0.0,0.1304347826086956,0.2608695652173913
YDR082W,STN1,stn1-13,tsa599-37C,293,110,0.3754266211604095,1.0,0.0272727272727272,0.0363636363636363,0.0818181818181818,0.0272727272727272,0.0,0.1909090909090909,0.1727272727272727,0.0,0.1454545454545454,0.3181818181818182
YML114C,TAF8,taf8-7,tsa695-37C,1063,304,0.2859830667920978,1.0,0.0592105263157894,0.0032894736842105,0.2105263157894736,0.0098684210526315,0.0,0.0921052631578947,0.2565789473684211,0.0,0.2105263157894736,0.1578947368421052
YOR232W,MGE1,mge1-100,tsa505-37C,467,169,0.3618843683083512,1.0,0.1065088757396449,0.0,0.2544378698224852,0.0177514792899408,0.0,0.0887573964497041,0.2130177514792899,0.0,0.1242603550295858,0.1952662721893491
YAL041W,CDC24,cdc24-2,tsa410-37C,785,263,0.3350318471337579,1.0,0.0570342205323193,0.0,0.3079847908745247,0.0038022813688212,0.0,0.0114068441064638,0.3460076045627376,0.0,0.1634980988593156,0.1102661596958174
YDR182W,CDC1,cdc1-6,tsa414-37C,240,140,0.5833333333333334,1.0,0.0071428571428571,0.0785714285714285,0.1214285714285714,0.0285714285714285,0.0,0.1571428571428571,0.1428571428571428,0.0,0.4214285714285714,0.0428571428571428
YKR086W,PRP16,prp16-ts,tsa644-37C,321,66,0.205607476635514,1.0,0.0606060606060606,0.0,0.0909090909090909,0.0454545454545454,0.0,0.1515151515151515,0.1515151515151515,0.0,0.3787878787878788,0.1212121212121212
YOL135C,MED7,med7-141,tsa740-37C,528,313,0.5928030303030303,1.0,0.0511182108626198,0.0063897763578274,0.0638977635782747,0.1565495207667731,0.0,0.3003194888178914,0.0383386581469648,0.0,0.3099041533546325,0.0734824281150159
YBR193C,MED8,med8-51,tsa741-37C,671,541,0.8062593144560357,1.0,0.0129390018484288,0.0462107208872458,0.155268022181146,0.011090573012939,0.0,0.144177449168207,0.0314232902033271,0.0,0.4861367837338262,0.1127541589648798
YGL001C,ERG26,erg26-1,tsa742-37C,905,196,0.2165745856353591,1.0,0.1887755102040816,0.0051020408163265,0.173469387755102,0.0306122448979591,0.0,0.1224489795918367,0.1887755102040816,0.0,0.1836734693877551,0.1071428571428571
YNL118C,DCP2,dcp2-7,tsa743-37C,195,77,0.3948717948717948,1.0,0.0389610389610389,0.0,0.2077922077922078,0.0259740259740259,0.0,0.0779220779220779,0.2467532467532467,0.0,0.1948051948051948,0.2077922077922078
YIL143C,SSL2,ssl2-ts,tsa648-37C,437,97,0.2219679633867277,1.0,0.0824742268041237,0.1958762886597938,0.0721649484536082,0.0824742268041237,0.0,0.1546391752577319,0.0412371134020618,0.0,0.3092783505154639,0.0618556701030927
YIL115C,NUP159,nup159-1,tsa553-37C,411,239,0.5815085158150851,1.0,0.0167364016736401,0.0418410041841004,0.1799163179916318,0.0209205020920502,0.0,0.1841004184100418,0.1338912133891213,0.0,0.2845188284518828,0.1380753138075313
YGR218W,CRM1,crm1-1,tsa460-37C,817,396,0.4847001223990208,1.0,0.0353535353535353,0.0126262626262626,0.2323232323232323,0.0277777777777777,0.0,0.154040404040404,0.0959595959595959,0.0,0.3257575757575757,0.1161616161616161
YGL065C,ALG2,alg2-1,tsa461-37C,418,218,0.5215311004784688,1.0,0.0137614678899082,0.0045871559633027,0.2339449541284403,0.0642201834862385,0.0,0.0871559633027523,0.1422018348623853,0.0,0.3256880733944954,0.128440366972477
YGR091W,PRP31,prp31-ts,tsa400-37C,412,84,0.203883495145631,1.0,0.25,0.0,0.0714285714285714,0.0357142857142857,0.0,0.1785714285714285,0.238095238095238,0.0,0.1309523809523809,0.0952380952380952
YJL203W,PRP21,prp21-ts,tsa401-37C,804,275,0.3420398009950249,1.0,0.0945454545454545,0.0,0.1418181818181818,0.0327272727272727,0.0,0.1309090909090909,0.1709090909090909,0.0,0.3127272727272727,0.1163636363636363
YPR178W,PRP4,prp4-1,tsa500-37C,827,252,0.3047158403869408,1.0,0.1111111111111111,0.0119047619047619,0.1547619047619047,0.0238095238095238,0.0,0.123015873015873,0.1587301587301587,0.0,0.2658730158730158,0.1507936507936507
YLR008C,PAM18,pam18-1,tsa501-37C,934,287,0.3072805139186295,1.0,0.1114982578397212,0.0034843205574912,0.1428571428571428,0.048780487804878,0.0,0.229965156794425,0.1672473867595819,0.0,0.205574912891986,0.0905923344947735
YAL041W,CDC24,cdc24-1,tsa408-37C,867,374,0.4313725490196078,1.0,0.1363636363636363,0.0026737967914438,0.2727272727272727,0.0106951871657754,0.0,0.0401069518716577,0.1577540106951871,0.0,0.2272727272727272,0.1524064171122994
YDR228C,PCF11,pcf11-2,tsa685-37C,475,338,0.7115789473684211,1.0,0.0029585798816568,0.0177514792899408,0.2544378698224852,0.0088757396449704,0.0,0.1213017751479289,0.0828402366863905,0.0,0.3964497041420118,0.1153846153846153
YDR228C,PCF11,pcf11-ts2,tsa686-37C,427,324,0.7587822014051522,1.0,0.0123456790123456,0.0493827160493827,0.2469135802469135,0.0,0.0,0.1172839506172839,0.1018518518518518,0.0,0.4012345679012346,0.0709876543209876
YGL098W,USE1,use1-ts,tsa592-37C,664,351,0.5286144578313253,1.0,0.0626780626780626,0.0,0.0199430199430199,0.6381766381766382,0.017094017094017,0.0797720797720797,0.0284900284900284,0.0028490028490028,0.1282051282051282,0.0227920227920227
YDR212W,TCP1,tcp1-2,tsa448-37C,451,133,0.29490022172949,1.0,0.0451127819548872,0.0075187969924812,0.2180451127819548,0.0,0.0,0.075187969924812,0.3609022556390977,0.0,0.1654135338345864,0.1278195488721804
YGL022W,STT3,stt3-7,tsa544-37C,257,95,0.3696498054474708,1.0,0.0526315789473684,0.0105263157894736,0.1894736842105263,0.031578947368421,0.0,0.1473684210526315,0.1894736842105263,0.0,0.1578947368421052,0.2210526315789473
YGR211W,ZPR1,zpr1-1,tsa547-37C,259,72,0.277992277992278,1.0,0.0277777777777777,0.0,0.1666666666666666,0.0,0.0,0.125,0.25,0.0,0.2916666666666667,0.1388888888888889
YLR045C,STU2,stu2-12,tsa550-37C,765,171,0.2235294117647059,1.0,0.1052631578947368,0.0,0.0701754385964912,0.0292397660818713,0.0,0.1578947368421052,0.239766081871345,0.0,0.1111111111111111,0.2865497076023391
YBR055C,PRP6,prp6-1,tsa455-37C,776,268,0.345360824742268,1.0,0.1380597014925373,0.0074626865671641,0.0783582089552238,0.1231343283582089,0.0,0.1865671641791045,0.1641791044776119,0.0,0.1940298507462686,0.1082089552238805
YGL022W,STT3,stt3-2,tsa551-37C,87,49,0.5632183908045977,1.0,0.0816326530612244,0.0408163265306122,0.2244897959183673,0.0,0.0,0.1020408163265306,0.1836734693877551,0.0,0.2653061224489796,0.1020408163265306
YIL109C,SEC24,sec24-20,tsa456-37C,143,82,0.5734265734265734,1.0,0.0121951219512195,0.048780487804878,0.1341463414634146,0.0853658536585365,0.0,0.0853658536585365,0.1585365853658536,0.0,0.4390243902439024,0.0365853658536585
YMR240C,CUS1,cus1-3,tsa639-37C,723,297,0.4107883817427386,1.0,0.0639730639730639,0.0033670033670033,0.138047138047138,0.0303030303030303,0.0,0.1313131313131313,0.1818181818181818,0.0,0.3063973063973064,0.1447811447811448
YGR006W,PRP18,prp18-1202,tsa430-37C,176,101,0.5738636363636364,1.0,0.0198019801980198,0.0099009900990099,0.1089108910891089,0.0198019801980198,0.0,0.1485148514851485,0.0891089108910891,0.0,0.5247524752475248,0.0792079207920792
YKL125W,RRN3,rrn3-s213p,tsa527-37C,976,216,0.221311475409836,1.0,0.1944444444444444,0.0,0.162037037037037,0.0138888888888888,0.0,0.0833333333333333,0.2777777777777778,0.0,0.1388888888888889,0.1296296296296296
YGR158C,MTR3,mtr3-ts,tsa614-37C,202,54,0.2673267326732673,1.0,0.037037037037037,0.0,0.0925925925925925,0.037037037037037,0.0,0.1851851851851851,0.1481481481481481,0.0,0.3148148148148148,0.1851851851851851
YDL087C,LUC7,luc7-1,tsa711-37C,891,189,0.2121212121212121,1.0,0.2328042328042328,0.0,0.1005291005291005,0.0634920634920634,0.0,0.1216931216931216,0.2804232804232804,0.0,0.1375661375661375,0.0634920634920634
YJL081C,ARP4,arp4-g161d,tsa618-37C,68,36,0.5294117647058824,1.0,0.0,0.0555555555555555,0.3333333333333333,0.0277777777777777,0.0,0.0277777777777777,0.1111111111111111,0.0,0.3611111111111111,0.0833333333333333
YKL006C-A,SFT1,sft1-15,tsa619-37C,436,235,0.5389908256880734,1.0,0.0212765957446808,0.076595744680851,0.0851063829787234,0.1361702127659574,0.0,0.1872340425531914,0.0638297872340425,0.0,0.4127659574468085,0.0170212765957446
YKL173W,SNU114,snu114-60,tsa621-37C,550,112,0.2036363636363636,1.0,0.1517857142857142,0.0,0.1339285714285714,0.0714285714285714,0.0,0.1428571428571428,0.2946428571428571,0.0,0.1071428571428571,0.0982142857142857
YLR066W,SPC3,spc3-4,tsa623-37C,409,275,0.6723716381418093,1.0,0.0145454545454545,0.0181818181818181,0.1054545454545454,0.0618181818181818,0.0,0.1345454545454545,0.12,0.0,0.4254545454545455,0.12
YMR239C,RNT1,rnt1-47,tsa674-37C,326,72,0.2208588957055214,1.0,0.0972222222222222,0.0,0.125,0.0,0.0,0.1111111111111111,0.2638888888888889,0.0,0.1805555555555555,0.2222222222222222
YDR002W,YRB1,yrb1-51,tsa582-37C,154,96,0.6233766233766234,1.0,0.0104166666666666,0.0,0.2395833333333333,0.0104166666666666,0.0,0.1041666666666666,0.1458333333333333,0.0,0.2083333333333333,0.28125
YDR228C,PCF11,pcf11-ts10,tsa679-37C,469,237,0.5053304904051172,1.0,0.0421940928270042,0.0084388185654008,0.189873417721519,0.0590717299578059,0.0,0.1561181434599156,0.1856540084388185,0.0,0.2489451476793249,0.1097046413502109
YDR062W,LCB2,lcb2-16,tsa585-37C,273,108,0.3956043956043956,1.0,0.0185185185185185,0.0092592592592592,0.0925925925925925,0.0185185185185185,0.0,0.287037037037037,0.0925925925925925,0.0,0.3148148148148148,0.1666666666666666
YOR020C,HSP10,hsp10-ts,tsa681-37C,200,68,0.34,1.0,0.0294117647058823,0.0,0.2941176470588235,0.0,0.0,0.0441176470588235,0.3235294117647059,0.0,0.1617647058823529,0.1470588235294117
YDR062W,LCB2,lcb2-1,tsa586-37C,822,274,0.3333333333333333,1.0,0.072992700729927,0.010948905109489,0.1824817518248175,0.010948905109489,0.0,0.1204379562043795,0.145985401459854,0.0,0.2700729927007299,0.1861313868613138
YDR062W,LCB2,lcb2-19,tsa587-37C,601,279,0.4642262895174708,1.0,0.053763440860215,0.0,0.2043010752688172,0.03584229390681,0.0,0.1254480286738351,0.089605734767025,0.0,0.3369175627240143,0.1541218637992831
YER171W,RAD3,rad3-ts14,tsa588-37C,142,98,0.6901408450704225,1.0,0.0408163265306122,0.0,0.0714285714285714,0.1632653061224489,0.0,0.1530612244897959,0.0306122448979591,0.0,0.4897959183673469,0.0510204081632653
YDR373W,FRQ1,frq1-1,tsa399-37C,517,207,0.4003868471953578,1.0,0.0531400966183574,0.0,0.1884057971014492,0.0241545893719806,0.0,0.0772946859903381,0.3091787439613526,0.0,0.2560386473429952,0.0917874396135265
YNL216W,RAP1,rap1-1,tsa558-37C,332,83,0.25,1.0,0.0481927710843373,0.0120481927710843,0.0481927710843373,0.1204819277108433,0.0,0.2048192771084337,0.2650602409638554,0.0,0.216867469879518,0.0843373493975903
YNL216W,RAP1,rap1-2,tsa559-37C,531,196,0.3691148775894539,1.0,0.2653061224489796,0.010204081632653,0.0408163265306122,0.1989795918367347,0.0,0.1326530612244898,0.0561224489795918,0.0,0.2397959183673469,0.0561224489795918
YOR244W,ESA1,esa1-l254p,tsa560-37C,817,266,0.3255813953488372,1.0,0.1090225563909774,0.018796992481203,0.1015037593984962,0.0488721804511278,0.0,0.150375939849624,0.1954887218045112,0.0,0.2142857142857142,0.1616541353383458
YOR244W,ESA1,esa1-d414,tsa563-37C,885,289,0.3265536723163841,1.0,0.2629757785467128,0.0034602076124567,0.0968858131487889,0.0934256055363321,0.0,0.1626297577854671,0.0899653979238754,0.0,0.2041522491349481,0.0865051903114186
YFL029C,CAK1,cak1-23,tsa650-37C,364,199,0.5467032967032966,1.0,0.0351758793969849,0.0201005025125628,0.2412060301507537,0.0150753768844221,0.0,0.2512562814070351,0.1809045226130653,0.0,0.1306532663316583,0.1256281407035175
YOR249C,APC5,apc5-ca,tsa746-37C,681,189,0.2775330396475771,1.0,0.1111111111111111,0.0052910052910052,0.1322751322751322,0.0052910052910052,0.0,0.1375661375661375,0.2592592592592592,0.0,0.1746031746031746,0.1746031746031746
YGL044C,RNA15,rna15-58,tsa652-37C,380,304,0.8,1.0,0.0098684210526315,0.0361842105263157,0.1743421052631578,0.0032894736842105,0.0,0.1217105263157894,0.0592105263157894,0.0,0.5394736842105263,0.0559210526315789
YGR074W,SMD1,smd1-1,tsa748-37C,376,122,0.324468085106383,1.0,0.0901639344262295,0.0,0.1311475409836065,0.0327868852459016,0.0,0.180327868852459,0.1721311475409836,0.0,0.1885245901639344,0.2049180327868852
YEL034W,HYP2,hyp2-1159-supp1,tsa749-37C,246,68,0.2764227642276423,1.0,0.1029411764705882,0.0,0.1176470588235294,0.0735294117647058,0.0,0.2205882352941176,0.1617647058823529,0.0,0.1911764705882352,0.1323529411764706
YIL118W,RHO3,rho3-1,tsa654-37C,86,51,0.5930232558139535,1.0,0.0,0.0,0.2352941176470588,0.0392156862745098,0.0,0.0392156862745098,0.392156862745098,0.0,0.2156862745098039,0.0784313725490196
YBR193C,MED8,med8-39,tsa751-37C,171,120,0.7017543859649122,1.0,0.0,0.0416666666666666,0.125,0.0083333333333333,0.0,0.15,0.0916666666666666,0.0,0.4583333333333333,0.125
YLR005W,SSL1,ssl1-t242i,tsa752-37C,277,209,0.7545126353790613,1.0,0.0,0.1435406698564593,0.0669856459330143,0.1004784688995215,0.0,0.1818181818181818,0.0526315789473684,0.0,0.3971291866028708,0.0574162679425837
YDR088C,SLU7,slu7-ts2,tsa657-37C,473,211,0.4460887949260042,1.0,0.0663507109004739,0.0047393364928909,0.0426540284360189,0.1184834123222748,0.0,0.3364928909952606,0.0331753554502369,0.0,0.2985781990521327,0.0995260663507109
YER069W,"ARG5,6","arg5,6",tsa753-37C,384,96,0.25,1.0,0.1354166666666666,0.0,0.0729166666666666,0.1979166666666666,0.0,0.2291666666666666,0.0833333333333333,0.0,0.1666666666666666,0.1145833333333333
YER093C,TSC11,tsc11-1,tsa658-37C,525,138,0.2628571428571428,1.0,0.1884057971014492,0.0,0.1159420289855072,0.0797101449275362,0.0,0.0942028985507246,0.2028985507246377,0.0,0.1956521739130435,0.1231884057971014
YER093C,TSC11,tsc11-7,tsa659-37C,769,200,0.2600780234070221,1.0,0.085,0.0,0.195,0.015,0.0,0.05,0.38,0.0,0.15,0.125
YOL069W,NUF2,nuf2-61,tsa755-37C,548,177,0.322992700729927,1.0,0.0451977401129943,0.0,0.1129943502824858,0.0225988700564971,0.0,0.1186440677966101,0.1694915254237288,0.0,0.1412429378531073,0.3898305084745763
YNR035C,ARC35,arc35-5,tsa470-37C,397,162,0.4080604534005038,1.0,0.0493827160493827,0.0185185185185185,0.1296296296296296,0.0123456790123456,0.0,0.0987654320987654,0.1666666666666666,0.0,0.3395061728395062,0.1851851851851851
YNR035C,ARC35,arc35-6,tsa471-37C,229,113,0.4934497816593886,1.0,0.0265486725663716,0.0353982300884955,0.1150442477876106,0.0176991150442477,0.0,0.1504424778761062,0.2300884955752212,0.0,0.2035398230088495,0.2212389380530973
YGR091W,PRP31,prp31-1,tsa472-37C,1268,261,0.2058359621451104,1.0,0.2413793103448276,0.0,0.0689655172413793,0.0957854406130268,0.0,0.1877394636015325,0.160919540229885,0.0,0.1264367816091954,0.1187739463601532
YBR058C-A,TSC3,tsc3-2,tsa571-37C,592,225,0.3800675675675675,1.0,0.0311111111111111,0.0044444444444444,0.2133333333333333,0.0355555555555555,0.0,0.1333333333333333,0.2577777777777778,0.0,0.2088888888888889,0.1155555555555555
YML069W,POB3,pob3-7,tsa629-37C,272,160,0.5882352941176471,1.0,0.01875,0.025,0.31875,0.0,0.0,0.06875,0.1375,0.0,0.3,0.13125
YLR298C,YHC1,yhc1-1,tsa632-37C,1071,232,0.2166199813258637,1.0,0.3232758620689655,0.0,0.0474137931034482,0.2758620689655172,0.0,0.1422413793103448,0.043103448275862,0.0,0.1293103448275862,0.0387931034482758
YLR298C,YHC1,yhc1-2,tsa633-37C,946,200,0.2114164904862579,1.0,0.235,0.005,0.05,0.195,0.0,0.14,0.15,0.0,0.135,0.09
YMR197C,VTI1,vti1-2,tsa634-37C,96,72,0.75,1.0,0.0138888888888888,0.0833333333333333,0.0416666666666666,0.1527777777777778,0.0,0.0972222222222222,0.0694444444444444,0.0,0.5416666666666666,0.0
YMR236W,TAF9,taf9-ts2,tsa730-37C,683,290,0.424597364568082,1.0,0.0620689655172413,0.0,0.2068965517241379,0.0103448275862068,0.0,0.093103448275862,0.2448275862068965,0.0,0.1896551724137931,0.193103448275862
YMR197C,VTI1,vti1-11-supp1,tsa635-37C,138,66,0.4782608695652174,1.0,0.0757575757575757,0.1212121212121212,0.1515151515151515,0.0303030303030303,0.0,0.106060606060606,0.0606060606060606,0.0,0.3636363636363636,0.0909090909090909
YKL154W,SRP102,srp102-510,tsa731-37C,174,73,0.4195402298850574,1.0,0.1232876712328767,0.0,0.1232876712328767,0.1780821917808219,0.0,0.1095890410958904,0.0821917808219178,0.0,0.3287671232876712,0.0547945205479452
YBR198C,TAF5,taf5-15,tsa512-37C,388,169,0.4355670103092783,1.0,0.0828402366863905,0.0,0.2071005917159763,0.0177514792899408,0.0,0.0946745562130177,0.1952662721893491,0.0,0.2899408284023668,0.1124260355029585
YDR145W,TAF12,taf12-9,tsa514-37C,343,154,0.4489795918367347,1.0,0.0909090909090909,0.0064935064935064,0.2077922077922078,0.0194805194805194,0.0,0.1103896103896103,0.1623376623376623,0.0,0.2402597402597402,0.1623376623376623
YDR145W,TAF12,taf12-w486stop,tsa515-37C,513,212,0.4132553606237816,1.0,0.0471698113207547,0.0,0.2216981132075471,0.0188679245283018,0.0,0.1084905660377358,0.2075471698113207,0.0,0.2688679245283019,0.1273584905660377
YMR028W,TAP42,tap42-11,tsa697-37C,786,436,0.55470737913486,1.0,0.0114678899082568,0.0,0.3325688073394495,0.0045871559633027,0.0,0.0756880733944954,0.2454128440366972,0.0,0.2110091743119266,0.1192660550458715
YMR296C,LCB1,lcb1-2,tsa603-37C,444,166,0.3738738738738739,1.0,0.0481927710843373,0.0,0.180722891566265,0.0120481927710843,0.0,0.180722891566265,0.1626506024096385,0.0,0.2289156626506024,0.1867469879518072
YDR311W,TFB1,tfb1-1,tsa701-37C,240,159,0.6625,1.0,0.0314465408805031,0.0314465408805031,0.10062893081761,0.0943396226415094,0.0,0.2830188679245283,0.0251572327044025,0.0,0.320754716981132,0.1132075471698113
YGL120C,PRP43,prp43-ts2,tsa607-37C,594,147,0.2474747474747475,1.0,0.1700680272108843,0.0,0.1020408163265306,0.0680272108843537,0.0,0.1156462585034013,0.1768707482993197,0.0,0.2448979591836734,0.1224489795918367
YGL112C,TAF6,taf6-ts,tsa608-37C,498,184,0.3694779116465863,1.0,0.0597826086956521,0.0108695652173913,0.1576086956521739,0.0380434782608695,0.0,0.1358695652173913,0.1956521739130435,0.0,0.2010869565217391,0.2010869565217391
YGR006W,PRP18,prp18-ts,tsa434-37C,445,201,0.451685393258427,1.0,0.0248756218905472,0.0049751243781094,0.2139303482587064,0.0099502487562189,0.0,0.1840796019900497,0.1094527363184079,0.0,0.263681592039801,0.1890547263681592
YPL028W,ERG10,erg10-1,tsa531-37C,571,115,0.201401050788091,1.0,0.1826086956521739,0.0,0.0869565217391304,0.0434782608695652,0.0,0.1478260869565217,0.1565217391304348,0.0,0.1826086956521739,0.2
YDL058W,USO1,uso1-1,tsa441-37C,541,250,0.4621072088724584,1.0,0.02,0.008,0.136,0.004,0.0,0.024,0.596,0.0,0.1,0.112
YNL062C,GCD10,gcd10-506,tsa442-37C,917,193,0.2104689203925845,1.0,0.0932642487046632,0.005181347150259,0.1658031088082901,0.005181347150259,0.0,0.082901554404145,0.3575129533678756,0.0,0.1088082901554404,0.1813471502590673
YDL098C,SNU23,snu23-5001,tsa1079-37C,643,233,0.3623639191290824,1.0,0.0858369098712446,0.0,0.0987124463519313,0.0901287553648068,0.0,0.2145922746781116,0.2103004291845493,0.0,0.2145922746781116,0.0858369098712446
YDR182W,CDC1,cdc1-4,tsa807-37C,92,42,0.4565217391304347,1.0,0.0238095238095238,0.0238095238095238,0.2619047619047619,0.0238095238095238,0.0,0.0238095238095238,0.1666666666666666,0.0,0.3809523809523809,0.0952380952380952
YLR117C,CLF1,clf1-1,tsa1047-37C,1277,294,0.2302270947533281,1.0,0.0986394557823129,0.0,0.1224489795918367,0.1088435374149659,0.0,0.1666666666666666,0.1258503401360544,0.0,0.2346938775510204,0.1428571428571428
YML126C,ERG13,erg13-5001,tsa1104-37C,613,150,0.2446982055464926,1.0,0.12,0.02,0.0933333333333333,0.0866666666666666,0.0,0.22,0.1733333333333333,0.0,0.2066666666666666,0.08
YCL052C,PBN1,pbn1-5001,tsa1069-37C,178,61,0.3426966292134831,1.0,0.0491803278688524,0.0,0.1475409836065573,0.0327868852459016,0.0,0.0983606557377049,0.2459016393442623,0.0,0.1967213114754098,0.2295081967213114
YGR172C,YIP1,yip1-4,tsa980-37C,157,90,0.5732484076433121,1.0,0.0,0.0222222222222222,0.2222222222222222,0.0222222222222222,0.0,0.0555555555555555,0.4666666666666667,0.0,0.1444444444444444,0.0666666666666666
YBL040C,ERD2,erd2-5001,tsa1072-37C,187,72,0.3850267379679144,1.0,0.0416666666666666,0.0416666666666666,0.1666666666666666,0.0,0.0,0.1666666666666666,0.2638888888888889,0.0,0.1388888888888889,0.1805555555555555
YKR068C,BET3,bet3-5001,tsa1090-37C,288,185,0.6423611111111112,1.0,0.0,0.0162162162162162,0.2054054054054054,0.0,0.0,0.0324324324324324,0.4810810810810811,0.0,0.1135135135135135,0.1513513513513513
YPR161C,SGV1,sgv1-35,tsa1029-37C,387,93,0.2403100775193798,1.0,0.1182795698924731,0.0,0.1397849462365591,0.053763440860215,0.0,0.1720430107526881,0.1827956989247312,0.0,0.1720430107526881,0.1612903225806451
YFL034C-B,MOB2,mob2-26-supp1,tsa787-37C,238,77,0.3235294117647059,1.0,0.2727272727272727,0.0,0.0909090909090909,0.0649350649350649,0.0,0.2207792207792207,0.0909090909090909,0.0,0.1818181818181818,0.0779220779220779
YIL004C,BET1,bet1-1,tsa792-37C,432,282,0.6527777777777778,1.0,0.0177304964539007,0.0035460992907801,0.2730496453900709,0.0141843971631205,0.0,0.1028368794326241,0.351063829787234,0.0,0.1134751773049645,0.1241134751773049
YDL084W,SUB2,sub2-1,tsa976-37C,686,210,0.3061224489795918,1.0,0.0333333333333333,0.0047619047619047,0.1904761904761904,0.0142857142857142,0.0,0.1619047619047619,0.1761904761904762,0.0,0.2142857142857142,0.2047619047619047
YMR061W,RNA14,rna14-5001,tsa1106-37C,998,718,0.7194388777555111,1.0,0.0069637883008356,0.0376044568245125,0.2228412256267409,0.0097493036211699,0.0,0.0877437325905292,0.0835654596100278,0.0,0.4777158774373259,0.0738161559888579
YGR116W,SPT6,spt6-14,tsa834-37C,235,141,0.6,1.0,0.0212765957446808,0.1134751773049645,0.0496453900709219,0.0141843971631205,0.0,0.2198581560283688,0.0496453900709219,0.0,0.4609929078014184,0.0709219858156028
YIL118W,RHO3,rho3-ser228,tsa836-37C,607,196,0.3228995057660626,1.0,0.1020408163265306,0.0153061224489795,0.1326530612244898,0.0765306122448979,0.0,0.1836734693877551,0.0663265306122449,0.0,0.3673469387755102,0.0561224489795918
YKL196C,YKT6,ykt6-5001,tsa1089-37C,327,134,0.4097859327217125,1.0,0.0074626865671641,0.044776119402985,0.1641791044776119,0.0373134328358208,0.0,0.0895522388059701,0.3358208955223881,0.0,0.2462686567164179,0.0746268656716417
YFL034C-B,MOB2,mob2-36,tsa814-37C,204,58,0.284313725490196,1.0,0.2413793103448276,0.0,0.0344827586206896,0.0689655172413793,0.0,0.1724137931034483,0.1034482758620689,0.0,0.2758620689655172,0.1034482758620689
YFL039C,ACT1,act1-159,tsa910-37C,221,71,0.3212669683257919,1.0,0.028169014084507,0.0,0.2676056338028169,0.028169014084507,0.0,0.028169014084507,0.323943661971831,0.0,0.1408450704225352,0.1830985915492957
YPL169C,MEX67,mex67-ts5,tsa816-37C,298,151,0.5067114093959731,1.0,0.0198675496688741,0.0198675496688741,0.1589403973509933,0.0132450331125827,0.0,0.0927152317880794,0.0463576158940397,0.0,0.5099337748344371,0.1390728476821192
YER003C,PMI40,pmi40-5001,tsa1081-37C,470,295,0.6276595744680851,1.0,0.0,0.0101694915254237,0.2508474576271186,0.0135593220338983,0.0,0.0847457627118644,0.2305084745762712,0.0,0.2813559322033898,0.1288135593220339
YBR011C,IPP1,ipp1-5001,tsa1062-37C,629,147,0.2337042925278219,1.0,0.2108843537414966,0.0068027210884353,0.0884353741496598,0.0408163265306122,0.0,0.1700680272108843,0.1972789115646258,0.0,0.1428571428571428,0.1428571428571428
YBR029C,CDS1,cds1-5001,tsa1063-37C,366,133,0.3633879781420765,1.0,0.1052631578947368,0.0075187969924812,0.075187969924812,0.2631578947368421,0.0,0.225563909774436,0.0977443609022556,0.0,0.1428571428571428,0.0827067669172932
YML069W,POB3,pob3-l78r,tsa846-37C,103,48,0.4660194174757281,1.0,0.0,0.0,0.1875,0.0208333333333333,0.0,0.1041666666666666,0.1666666666666666,0.0,0.3333333333333333,0.1875
YJL085W,EXO70,exo70-38,tsa848-37C,404,186,0.4603960396039604,1.0,0.0268817204301075,0.0268817204301075,0.0376344086021505,0.2473118279569892,0.0,0.1612903225806451,0.043010752688172,0.0,0.4032258064516129,0.053763440860215
YKL024C,URA6,ura6-6,tsa1034-37C,1072,544,0.5074626865671642,1.0,0.0514705882352941,0.0110294117647058,0.2408088235294117,0.0238970588235294,0.0,0.0716911764705882,0.2040441176470588,0.0,0.2886029411764705,0.1084558823529411
YDL103C,QRI1,qri1-5001,tsa1093-37C,458,194,0.4235807860262008,1.0,0.0206185567010309,0.0,0.1597938144329896,0.0515463917525773,0.0,0.0721649484536082,0.4278350515463917,0.0,0.134020618556701,0.134020618556701
YHR058C,MED6,med6-5001,tsa1094-37C,391,159,0.4066496163682864,1.0,0.0251572327044025,0.0062893081761006,0.2075471698113207,0.0062893081761006,0.0,0.1823899371069182,0.1761006289308176,0.0,0.1761006289308176,0.220125786163522
YHR036W,BRL1,brl1-2221,tsa1038-37C,350,154,0.44,1.0,0.0324675324675324,0.1103896103896103,0.1233766233766233,0.0389610389610389,0.0,0.2272727272727272,0.0909090909090909,0.0,0.2077922077922078,0.1688311688311688
YHR036W,BRL1,brl1-c371r,tsa1041-37C,732,150,0.2049180327868852,1.0,0.1333333333333333,0.0466666666666666,0.1,0.04,0.0,0.1466666666666666,0.12,0.0,0.2266666666666666,0.1866666666666666
YHR036W,BRL1,brl1-c371s,tsa1042-37C,790,217,0.2746835443037975,1.0,0.1244239631336405,0.0138248847926267,0.1705069124423963,0.032258064516129,0.0,0.1566820276497695,0.1244239631336405,0.0,0.2073732718894009,0.1705069124423963
YHR036W,BRL1,brl1-k405i,tsa1043-37C,289,71,0.245674740484429,1.0,0.0422535211267605,0.1126760563380281,0.0985915492957746,0.1267605633802817,0.0,0.2112676056338028,0.1267605633802817,0.0,0.1549295774647887,0.1267605633802817
YJL085W,EXO70,exo70-29/37,tsa856-37C,311,111,0.3569131832797427,1.0,0.018018018018018,0.018018018018018,0.0990990990990991,0.0990990990990991,0.0,0.1621621621621621,0.1081081081081081,0.0,0.3693693693693693,0.1261261261261261
YOL123W,HRP1,hrp1-4,tsa858-37C,77,37,0.4805194805194805,1.0,0.054054054054054,0.0,0.1891891891891892,0.0,0.0,0.081081081081081,0.2702702702702703,0.0,0.2972972972972973,0.1081081081081081
YDL103C,QRI1,qri1-ts1,tsa859-37C,396,227,0.5732323232323232,1.0,0.026431718061674,0.0308370044052863,0.2158590308370044,0.0484581497797356,0.0,0.0837004405286343,0.1674008810572687,0.0,0.3215859030837004,0.105726872246696
YDL103C,QRI1,qri1-ts6,tsa860-37C,613,253,0.4127243066884176,1.0,0.0474308300395256,0.0039525691699604,0.0869565217391304,0.1462450592885375,0.0,0.1343873517786561,0.1699604743083003,0.0,0.3201581027667984,0.0909090909090909
YPR133C,SPN1,spn1-k192n,tsa1011-37C,578,172,0.2975778546712803,1.0,0.0465116279069767,0.0116279069767441,0.1686046511627907,0.0174418604651162,0.0,0.1976744186046511,0.127906976744186,0.0,0.25,0.1802325581395348
YDR437W,GPI19,gpi19-2xh,tsa1012-37C,733,224,0.3055934515688949,1.0,0.0223214285714285,0.0,0.2544642857142857,0.0491071428571428,0.0,0.0669642857142857,0.2053571428571428,0.0,0.2678571428571428,0.1339285714285714
YHR058C,MED6,med6-ts,tsa1017-37C,258,93,0.3604651162790697,1.0,0.1397849462365591,0.010752688172043,0.043010752688172,0.1182795698924731,0.0,0.2688172043010752,0.064516129032258,0.0,0.2903225806451613,0.064516129032258
YLR115W,CFT2,cft2-1,tsa801-37C,568,141,0.2482394366197183,1.0,0.0567375886524822,0.0,0.1063829787234042,0.0496453900709219,0.0,0.226950354609929,0.2624113475177305,0.0,0.1914893617021276,0.1063829787234042
YDL140C,RPO21,rpo21-1,tsa804-37C,34,22,0.6470588235294118,1.0,0.0,0.0909090909090909,0.2272727272727272,0.0454545454545454,0.0,0.0909090909090909,0.0454545454545454,0.0,0.4545454545454545,0.0454545454545454
YDR016C,DAD1,dad1-5005,tsa1077-37C,599,126,0.2103505843071786,1.0,0.0396825396825396,0.0396825396825396,0.1507936507936507,0.0238095238095238,0.0,0.1349206349206349,0.1587301587301587,0.0,0.2222222222222222,0.2301587301587301
YPR168W,NUT2,nut2-ts,tsa818-37C,330,94,0.2848484848484848,1.0,0.0638297872340425,0.0106382978723404,0.2446808510638297,0.0106382978723404,0.0,0.1170212765957446,0.1063829787234042,0.0,0.3297872340425531,0.1170212765957446
YPR178W,PRP4,prp4-ts,tsa819-37C,300,91,0.3033333333333333,1.0,0.0769230769230769,0.0,0.1318681318681318,0.0109890109890109,0.0,0.1978021978021978,0.1758241758241758,0.0,0.3076923076923077,0.0989010989010989
YFR051C,RET2,ret2-1,tsa823-37C,142,52,0.3661971830985915,1.0,0.0576923076923076,0.0192307692307692,0.2884615384615384,0.0384615384615384,0.0,0.1346153846153846,0.1346153846153846,0.0,0.2884615384615384,0.0384615384615384
YGL093W,SPC105,spc105-4,tsa824-37C,497,101,0.2032193158953722,1.0,0.2277227722772277,0.0,0.1089108910891089,0.0891089108910891,0.0,0.1782178217821782,0.0594059405940594,0.0,0.1782178217821782,0.1584158415841584
YJR093C,FIP1,fip1-433,tsa827-37C,346,130,0.3757225433526011,1.0,0.1,0.0153846153846153,0.0923076923076923,0.0307692307692307,0.0,0.1769230769230769,0.1153846153846153,0.0,0.3076923076923077,0.1615384615384615
YNR043W,MVD1,mvd1-1296,tsa828-37C,294,93,0.3163265306122449,1.0,0.0967741935483871,0.010752688172043,0.2258064516129032,0.010752688172043,0.0,0.086021505376344,0.2580645161290322,0.0,0.1827956989247312,0.1290322580645161
YKR062W,TFA2,tfa2-45,tsa692-37C,422,270,0.6398104265402843,1.0,0.0037037037037037,0.0148148148148148,0.2518518518518518,0.0074074074074074,0.0,0.1259259259259259,0.1888888888888888,0.0,0.2296296296296296,0.1777777777777777
YAL041W,CDC24,cdc24-3,tsa412-37C,651,174,0.2672811059907834,1.0,0.0747126436781609,0.0,0.3505747126436782,0.0114942528735632,0.0,0.0172413793103448,0.3275862068965517,0.0,0.1206896551724138,0.0977011494252873
YOL135C,MED7,med7-163,tsa739-37C,187,156,0.8342245989304813,1.0,0.0064102564102564,0.0192307692307692,0.0705128205128205,0.0576923076923076,0.0,0.2628205128205128,0.0512820512820512,0.0,0.358974358974359,0.173076923076923
YDR228C,PCF11,pcf11-ts9,tsa680-37C,384,108,0.28125,1.0,0.0555555555555555,0.0092592592592592,0.2222222222222222,0.0648148148148148,0.0,0.1203703703703703,0.1481481481481481,0.0,0.287037037037037,0.0925925925925925
YNL118C,DCP2,dcp2-7d,tsa754-37C,94,39,0.4148936170212766,1.0,0.1025641025641025,0.0,0.0512820512820512,0.0,0.0,0.1538461538461538,0.2564102564102564,0.0,0.3846153846153846,0.0512820512820512
YMR112C,MED11,med11-ts,tsa799-37C,198,126,0.6363636363636364,1.0,0.0238095238095238,0.0079365079365079,0.1111111111111111,0.0555555555555555,0.0,0.3015873015873015,0.0555555555555555,0.0,0.365079365079365,0.0793650793650793
YOR174W,MED4,med4-6,tsa738-37C,73,57,0.7808219178082192,1.0,0.0,0.1228070175438596,0.0350877192982456,0.1052631578947368,0.0,0.3508771929824561,0.0175438596491228,0.0,0.3684210526315789,0.0
